hour,dayofweek,weekend,density,queue,wait_time,weather,weather_flag,incident,green_time
6,3,0,11.1,1,9.13,Rain,1,0,33
1,3,0,26.14,1,10.36,Clear,0,0,34
15,6,1,45.26,3,12.7,Clear,0,0,45
19,3,0,85.58,7,38.79,Clear,0,0,78
11,1,0,56.98,12,15.37,Clear,0,0,58
7,6,1,53.06,6,17.6,Clear,0,0,58
22,5,1,20.61,3,3.73,Clear,0,0,35
6,2,0,32.3,2,2.95,Clear,0,0,44
22,6,1,22.28,1,6.35,Clear,0,0,35
11,3,0,61.58,8,9.22,Clear,0,0,56
4,0,0,17.26,4,3.64,Heavy Rain,2,0,24
16,2,0,49.73,5,14.74,Heavy Rain,2,0,47
3,6,1,9.66,3,11.57,Clear,0,0,23
19,3,0,73.47,5,14.18,Rain,1,0,72
17,6,1,65.08,9,20.4,Clear,0,0,65
21,0,0,23.77,2,11.11,Clear,0,0,38
2,0,0,34.93,4,14.83,Clear,0,0,46
0,3,0,23.3,5,8.82,Clear,0,0,39
14,0,0,56.26,3,11.11,Rain,1,0,54
2,3,0,25.92,4,11.47,Rain,1,0,32
7,5,1,55.89,11,11.33,Rain,1,0,59
0,5,1,31.5,4,8.39,Clear,0,0,40
21,1,0,16.7,0,11.91,Clear,0,0,22
11,3,0,54.26,3,28.72,Clear,0,0,56
9,5,1,54.0,4,12.88,Clear,0,0,52
14,1,0,51.57,5,10.59,Clear,0,0,60
15,2,0,47.63,4,25.76,Clear,0,0,56
9,1,0,88.59,19,19.45,Clear,0,0,75
22,0,0,10.76,2,16.57,Clear,0,0,23
23,3,0,30.61,7,14.08,Rain,1,0,35
11,0,0,61.44,6,22.44,Clear,0,0,60
19,2,0,77.0,8,22.35,Clear,0,0,76
8,1,0,78.72,11,21.24,Rain,1,0,64
18,4,0,86.56,13,19.02,Clear,0,0,67
20,5,1,3.5,0,9.29,Rain,1,0,21
17,6,1,56.2,7,29.38,Clear,0,0,53
7,1,0,71.94,5,14.14,Clear,0,0,62
5,1,0,16.77,3,9.21,Clear,0,0,35
21,0,0,22.72,5,9.46,Clear,0,0,36
4,5,1,11.29,4,2.82,Clear,0,0,25
3,5,1,15.88,0,11.14,Clear,0,0,29
2,2,0,16.59,3,10.8,Clear,0,0,36
4,4,0,29.2,6,13.99,Clear,0,0,31
22,1,0,35.69,6,12.1,Clear,0,0,45
15,2,0,53.67,6,10.09,Clear,0,0,52
20,5,1,9.56,0,1.0,Clear,0,0,24
12,2,0,43.0,6,14.88,Clear,0,0,47
22,5,1,3.5,2,10.81,Rain,1,0,20
14,3,0,48.72,4,9.01,Clear,0,0,48
16,4,0,39.18,6,10.19,Clear,0,0,52
5,3,0,27.41,4,21.94,Clear,0,0,35
23,6,1,11.27,1,12.04,Clear,0,0,27
23,5,1,16.96,4,9.64,Clear,0,0,32
14,0,0,35.0,4,8.09,Clear,0,0,42
22,1,0,15.18,4,12.6,Clear,0,0,31
2,0,0,20.72,4,6.22,Clear,0,0,32
13,1,0,47.26,10,18.1,Clear,0,0,43
18,1,0,89.46,10,31.95,Rain,1,0,79
5,4,0,17.84,2,2.7,Clear,0,0,34
3,1,0,30.85,2,12.19,Clear,0,0,42
13,2,0,52.8,6,8.81,Rain,1,0,50
8,5,1,57.24,4,12.68,Clear,0,0,53
0,6,1,8.09,3,2.24,Rain,1,0,22
10,5,1,36.72,4,5.59,Clear,0,0,43
5,4,0,18.15,2,12.81,Clear,0,0,30
7,0,0,69.15,10,25.07,Clear,0,0,61
16,1,0,65.92,5,18.08,Clear,0,0,66
22,2,0,5.0,2,11.78,Clear,0,0,24
2,5,1,21.0,4,11.72,Clear,0,0,39
15,4,0,57.7,8,13.69,Rain,1,0,61
20,3,0,17.16,3,9.98,Clear,0,0,38
6,0,0,20.7,4,1.0,Clear,0,0,36
11,6,1,28.71,6,5.28,Rain,1,0,32
0,2,0,12.08,0,6.07,Rain,1,0,32
7,2,0,76.98,9,23.73,Clear,0,0,61
0,0,0,17.19,3,6.59,Rain,1,0,28
16,1,0,52.18,11,27.11,Clear,0,0,56
20,5,1,11.01,1,1.0,Rain,1,0,31
22,4,0,29.03,3,10.32,Clear,0,0,36
4,2,0,17.53,2,10.98,Rain,1,0,23
17,0,0,80.14,3,26.37,Rain,1,0,72
6,5,1,14.26,3,13.37,Heavy Rain,2,0,31
6,3,0,13.02,1,12.37,Clear,0,0,24
0,4,0,13.86,4,6.78,Rain,1,0,26
10,5,1,27.14,6,12.72,Clear,0,0,36
5,4,0,15.56,0,5.87,Rain,1,0,24
23,2,0,15.58,2,11.91,Clear,0,0,27
1,3,0,16.9,0,11.42,Clear,0,0,29
14,5,1,41.19,4,7.53,Rain,1,0,32
2,1,0,13.04,5,6.01,Clear,0,0,28
20,1,0,22.54,5,5.73,Rain,1,0,36
13,4,0,48.48,2,15.84,Clear,0,0,50
23,4,0,17.54,6,9.82,Rain,1,0,31
16,3,0,51.94,4,17.59,Clear,0,0,50
5,6,1,22.77,4,9.16,Clear,0,0,37
19,1,0,73.98,11,13.1,Clear,0,0,64
2,0,0,9.99,3,15.66,Rain,1,0,30
19,6,1,58.65,6,12.67,Clear,0,0,64
21,5,1,18.99,3,1.0,Clear,0,0,33
10,4,0,49.28,8,6.02,Clear,0,0,52
17,3,0,78.5,9,16.02,Clear,0,0,71
8,1,0,85.04,12,32.12,Clear,0,0,73
12,2,0,39.68,9,9.76,Clear,0,0,46
23,3,0,6.65,3,12.04,Clear,0,0,36
1,3,0,6.94,2,2.95,Clear,0,0,30
7,3,0,84.22,11,14.91,Clear,0,0,76
1,2,0,9.64,1,13.89,Heavy Rain,2,0,20
13,1,0,47.28,6,6.68,Clear,0,0,44
11,4,0,57.07,6,22.24,Clear,0,0,57
4,4,0,16.18,1,18.53,Clear,0,0,33
10,5,1,35.98,5,14.91,Clear,0,0,48
22,1,0,11.68,2,12.17,Heavy Rain,2,0,22
17,1,0,85.7,9,23.99,Clear,0,0,74
8,4,0,80.63,13,14.55,Clear,0,0,67
0,0,0,5.0,0,16.61,Clear,0,0,24
8,2,0,69.61,9,25.06,Clear,0,0,56
10,4,0,47.29,5,22.03,Clear,0,0,48
20,3,0,16.58,4,4.02,Heavy Rain,2,0,37
10,6,1,28.22,4,13.95,Heavy Rain,2,0,44
23,4,0,19.4,6,1.0,Rain,1,0,41
15,0,0,57.47,7,12.29,Clear,0,0,59
16,5,1,37.9,3,9.23,Clear,0,0,38
1,2,0,33.38,3,17.21,Clear,0,0,42
6,4,0,29.63,1,4.32,Clear,0,0,35
16,3,0,52.34,11,6.13,Clear,0,0,51
22,3,0,25.04,5,10.45,Rain,1,0,40
5,5,1,15.08,3,6.16,Clear,0,0,25
20,1,0,12.88,3,20.51,Clear,0,0,24
10,6,1,35.57,6,11.52,Clear,0,0,45
19,1,0,70.81,11,15.51,Clear,0,0,66
3,4,0,24.06,3,10.14,Clear,0,0,30
22,2,0,24.8,3,19.8,Clear,0,0,35
22,2,0,14.33,2,12.99,Clear,0,0,26
19,3,0,72.05,9,15.95,Clear,0,0,56
9,6,1,55.21,2,9.33,Heavy Rain,2,0,49
20,3,0,19.75,1,13.34,Rain,1,0,27
5,1,0,22.28,5,10.7,Rain,1,0,43
21,0,0,15.15,1,1.0,Clear,0,0,29
4,4,0,28.74,1,14.2,Clear,0,0,34
19,6,1,42.0,6,8.61,Clear,0,0,47
7,0,0,76.31,10,19.56,Clear,0,0,66
13,3,0,52.02,6,19.88,Clear,0,0,52
20,4,0,22.98,1,19.19,Clear,0,0,30
12,1,0,59.09,5,10.98,Rain,1,0,50
2,6,1,14.91,2,2.84,Clear,0,0,32
3,2,0,26.16,4,3.06,Clear,0,0,39
19,3,0,66.4,10,11.64,Clear,0,0,68
22,6,1,10.79,2,16.41,Clear,0,0,35
1,5,1,10.5,2,12.07,Clear,0,0,31
3,2,0,14.81,1,3.66,Clear,0,0,21
14,2,0,40.93,6,19.53,Clear,0,0,48
10,0,0,50.49,7,10.95,Clear,0,0,44
4,3,0,19.78,3,19.59,Clear,0,0,34
3,4,0,15.41,0,7.48,Clear,0,0,28
13,1,0,59.14,4,12.01,Clear,0,0,47
14,1,0,58.84,10,11.74,Clear,0,0,61
20,3,0,13.53,1,5.81,Clear,0,0,29
1,3,0,29.19,3,10.34,Clear,0,0,35
1,5,1,16.44,3,13.71,Clear,0,0,36
18,6,1,54.92,6,18.13,Clear,0,0,52
8,1,0,80.94,8,30.72,Clear,0,0,66
7,3,0,75.9,15,16.9,Rain,1,0,69
10,4,0,70.63,12,12.72,Clear,0,0,71
1,1,0,40.72,5,7.1,Clear,0,0,50
11,0,0,49.09,6,1.38,Clear,0,0,49
22,5,1,3.5,3,3.79,Clear,0,0,20
5,0,0,26.94,2,8.12,Rain,1,0,42
16,6,1,31.39,5,9.0,Clear,0,0,36
20,5,1,15.42,1,7.7,Clear,0,0,30
15,0,0,51.9,6,20.71,Clear,0,0,51
13,5,1,24.5,2,13.07,Clear,0,0,32
1,0,0,21.19,4,6.21,Clear,0,0,37
13,1,0,68.61,5,23.88,Rain,1,0,58
19,4,0,77.12,10,19.18,Heavy Rain,2,0,63
5,5,1,14.59,3,5.1,Clear,0,0,27
19,0,0,96.23,11,30.75,Clear,0,0,79
10,5,1,33.88,2,15.8,Clear,0,0,45
10,5,1,35.15,4,17.02,Clear,0,0,41
15,0,0,45.17,4,14.91,Clear,0,0,40
7,3,0,72.25,11,17.64,Clear,0,0,66
5,2,0,10.85,0,7.82,Clear,0,0,25
4,4,0,5.0,1,14.01,Clear,0,0,22
10,1,0,42.61,7,12.51,Clear,0,0,47
23,6,1,13.58,1,5.29,Rain,1,0,29
18,4,0,60.0,4,19.01,Rain,1,0,62
5,0,0,20.89,1,9.35,Clear,0,0,34
13,5,1,33.96,3,16.21,Clear,0,0,39
2,6,1,20.0,3,2.55,Clear,0,0,34
21,3,0,19.85,2,11.35,Rain,1,0,36
16,4,0,45.33,6,26.51,Clear,0,0,45
16,2,0,52.92,4,20.98,Clear,0,0,47
20,1,0,21.93,4,11.0,Clear,0,0,33
11,5,1,34.13,6,4.79,Rain,1,0,43
17,0,0,60.0,11,16.19,Clear,0,0,64
22,1,0,35.66,4,10.68,Rain,1,0,39
14,2,0,43.16,4,17.98,Clear,0,0,49
7,4,0,81.73,7,24.26,Clear,0,0,80
1,4,0,26.28,3,18.99,Clear,0,0,36
1,1,0,7.14,1,1.85,Rain,1,0,24
6,4,0,25.61,3,7.68,Rain,1,0,31
22,6,1,13.23,4,14.19,Clear,0,0,25
3,4,0,11.87,3,1.59,Clear,0,0,32
16,1,0,57.07,9,22.0,Clear,0,0,58
18,4,0,86.48,10,25.6,Clear,0,0,74
10,0,0,53.98,6,16.74,Rain,1,0,50
2,3,0,19.51,0,7.18,Clear,0,0,33
1,0,0,17.04,4,21.03,Clear,0,0,36
11,3,0,58.1,6,16.87,Clear,0,0,53
13,4,0,35.0,1,5.2,Clear,0,0,31
21,3,0,18.47,0,11.92,Clear,0,0,30
19,6,1,58.61,4,21.03,Rain,1,0,55
0,6,1,10.79,2,8.15,Rain,1,0,27
10,0,0,35.0,6,16.73,Clear,0,0,46
22,4,0,34.18,7,5.01,Heavy Rain,2,0,39
3,6,1,16.45,5,2.1,Clear,0,0,33
8,2,0,79.59,11,34.65,Rain,1,0,65
12,2,0,41.61,6,15.74,Clear,0,0,47
4,0,0,24.99,3,5.06,Clear,0,0,41
15,1,0,49.08,12,17.23,Clear,0,0,52
15,2,0,54.69,4,36.91,Clear,0,0,48
19,4,0,64.36,12,15.34,Heavy Rain,2,0,65
3,4,0,13.08,3,6.53,Clear,0,0,29
7,4,0,89.29,8,20.43,Clear,0,0,76
23,2,0,25.68,5,10.79,Clear,0,0,41
4,6,1,15.95,0,5.27,Clear,0,0,26
6,6,1,14.19,2,15.14,Rain,1,0,32
17,5,1,61.29,10,11.37,Clear,0,0,57
8,0,0,82.18,8,7.58,Rain,1,0,73
7,6,1,52.8,10,26.33,Clear,0,0,57
0,0,0,33.4,5,2.57,Clear,0,0,40
0,0,0,5.0,1,14.1,Clear,0,0,24
11,6,1,36.61,3,14.88,Rain,1,0,42
18,1,0,72.7,4,16.56,Rain,1,0,69
23,2,0,18.52,1,16.13,Clear,0,0,26
6,3,0,15.53,7,10.15,Clear,0,0,33
17,1,0,78.31,10,13.55,Rain,1,0,72
8,5,1,52.35,7,26.69,Clear,0,1,47
0,2,0,21.36,1,7.98,Clear,0,0,34
12,3,0,36.18,7,21.48,Clear,0,0,51
19,2,0,77.89,11,26.93,Clear,0,0,73
0,0,0,18.03,2,12.79,Clear,0,0,25
18,3,0,68.95,10,8.48,Clear,0,0,66
8,1,0,76.15,10,28.95,Clear,0,0,69
21,3,0,5.0,0,11.87,Clear,0,0,20
5,5,1,14.24,7,1.82,Rain,1,0,38
19,0,0,62.11,8,14.57,Clear,0,0,64
22,0,0,15.92,1,1.0,Clear,0,0,20
19,6,1,48.63,9,18.16,Clear,0,0,54
18,3,0,75.96,9,18.17,Rain,1,0,65
17,1,0,91.76,9,26.65,Clear,0,0,80
6,1,0,11.86,7,7.57,Clear,0,0,28
15,0,0,53.64,7,21.99,Rain,1,0,67
14,2,0,49.63,3,13.74,Clear,0,0,45
14,3,0,49.13,7,10.32,Clear,0,0,51
22,5,1,5.86,0,1.0,Clear,0,0,22
16,0,0,56.51,4,19.05,Rain,1,0,61
6,1,0,25.35,4,4.56,Clear,0,0,31
9,4,0,93.92,11,19.29,Clear,0,0,73
7,2,0,81.12,15,13.85,Clear,0,0,74
3,6,1,21.23,5,10.81,Clear,0,0,32
0,4,0,17.34,1,11.42,Clear,0,0,33
7,6,1,52.91,7,20.12,Rain,1,0,56
2,6,1,13.45,1,4.67,Clear,0,0,29
15,4,0,64.31,5,20.18,Clear,0,0,64
20,4,0,33.07,6,22.14,Rain,1,0,41
4,2,0,24.48,8,11.11,Clear,0,0,40
8,5,1,50.44,7,12.18,Clear,0,0,55
11,5,1,44.32,10,23.63,Clear,0,0,53
16,3,0,38.69,7,16.48,Rain,1,0,47
20,5,1,14.42,1,1.0,Clear,0,0,24
18,5,1,50.87,4,14.11,Clear,0,0,45
13,4,0,45.37,3,11.34,Clear,0,0,49
17,5,1,54.42,6,10.79,Clear,0,0,54
22,6,1,4.05,2,1.0,Clear,0,0,20
18,3,0,81.86,14,23.58,Clear,0,0,80
12,4,0,47.26,7,23.31,Clear,0,0,46
20,5,1,13.83,4,14.8,Clear,0,0,27
11,0,0,58.01,5,31.48,Clear,0,0,65
12,6,1,30.93,3,11.97,Clear,0,0,35
22,5,1,9.61,4,11.38,Clear,0,0,31
16,5,1,43.2,2,11.45,Clear,0,0,56
9,3,0,79.77,6,20.68,Clear,0,0,68
0,4,0,21.99,2,4.04,Rain,1,0,39
16,0,0,43.85,5,22.97,Clear,0,0,48
16,4,0,50.92,10,16.7,Heavy Rain,2,0,58
2,5,1,22.25,1,4.53,Rain,1,0,28
7,1,0,69.24,12,20.64,Clear,0,0,68
1,6,1,7.74,4,1.6,Clear,0,0,23
19,0,0,74.67,9,22.4,Clear,0,0,64
7,6,1,55.66,7,14.88,Clear,0,0,53
4,0,0,21.53,7,10.9,Clear,0,0,41
20,6,1,12.0,1,7.54,Clear,0,0,25
0,0,0,23.33,5,4.88,Clear,0,0,31
15,5,1,36.38,4,16.78,Clear,0,0,46
5,4,0,21.52,1,12.0,Clear,0,0,28
17,3,0,75.5,8,24.39,Clear,0,0,60
7,4,0,85.3,9,21.21,Rain,1,0,73
1,6,1,10.99,0,1.94,Rain,1,0,22
11,2,0,35.0,2,6.02,Clear,0,0,39
12,6,1,44.44,9,17.93,Clear,0,0,43
2,1,0,19.24,5,11.37,Rain,1,0,33
0,1,0,17.31,2,1.0,Clear,0,0,33
1,4,0,6.01,3,18.09,Rain,1,0,22
20,4,0,18.2,3,7.69,Rain,1,0,32
15,5,1,30.16,4,17.3,Clear,0,0,49
14,6,1,44.1,5,17.63,Rain,1,0,46
21,4,0,8.47,1,11.84,Clear,0,0,26
14,3,0,55.2,8,10.1,Clear,0,0,55
12,2,0,40.54,6,16.76,Clear,0,0,50
3,1,0,24.13,3,2.64,Clear,0,0,39
9,6,1,57.99,10,23.29,Rain,1,0,62
3,6,1,17.04,0,2.69,Rain,1,0,27
23,3,0,16.38,5,13.64,Clear,0,0,28
7,0,0,83.77,7,16.67,Clear,0,0,78
7,0,0,75.47,4,19.96,Clear,0,0,64
13,1,0,41.3,5,14.44,Clear,0,0,43
11,5,1,38.09,9,8.22,Clear,0,0,49
13,6,1,27.04,0,4.98,Clear,0,0,40
6,5,1,9.74,3,8.67,Clear,0,0,23
21,5,1,21.59,5,1.0,Clear,0,0,38
7,6,1,48.26,4,14.28,Clear,0,0,50
20,6,1,19.47,5,13.95,Clear,0,0,38
19,0,0,75.41,10,28.06,Clear,0,0,65
8,3,0,69.53,6,19.15,Clear,0,0,67
19,5,1,49.19,8,17.4,Clear,0,0,52
15,0,0,56.97,12,22.79,Clear,0,0,56
13,5,1,34.99,3,7.67,Clear,0,0,48
5,6,1,22.3,3,6.04,Clear,0,0,31
19,0,0,75.76,8,14.37,Rain,1,0,65
13,0,0,50.78,4,10.62,Rain,1,0,52
6,0,0,38.17,7,10.21,Clear,0,0,45
4,5,1,11.24,4,3.71,Clear,0,0,31
19,6,1,51.52,5,14.42,Rain,1,0,54
23,5,1,20.77,3,8.49,Clear,0,0,34
8,1,0,89.2,7,26.17,Clear,0,0,75
18,2,0,73.52,5,29.88,Rain,1,0,73
12,4,0,71.04,5,22.79,Clear,0,0,64
22,2,0,11.52,2,13.12,Clear,0,0,22
23,2,0,16.23,2,16.95,Heavy Rain,2,0,32
12,4,0,50.57,3,9.51,Clear,0,0,52
12,1,0,64.66,9,25.56,Clear,0,0,59
0,2,0,26.61,2,7.02,Clear,0,0,45
21,5,1,16.23,1,3.28,Clear,0,0,27
10,2,0,38.26,5,25.23,Clear,0,0,51
7,2,0,87.64,12,18.78,Clear,0,0,77
5,5,1,12.72,0,11.39,Clear,0,0,28
23,2,0,26.82,4,23.09,Rain,1,0,41
18,6,1,55.63,7,19.26,Clear,0,0,48
8,2,0,66.09,6,18.78,Rain,1,0,61
17,6,1,60.2,9,14.2,Rain,1,0,58
11,4,0,57.82,12,11.82,Clear,0,0,64
9,6,1,59.61,7,20.5,Rain,1,0,56
11,6,1,31.15,2,13.68,Rain,1,0,38
17,3,0,81.71,11,14.5,Clear,0,0,76
2,2,0,18.97,6,10.84,Clear,0,0,37
2,5,1,20.45,4,12.12,Clear,0,0,31
3,4,0,39.88,8,14.56,Rain,1,0,44
13,1,0,53.33,5,14.82,Rain,1,0,55
19,0,0,79.51,4,10.86,Clear,0,0,68
4,5,1,10.42,3,9.67,Clear,0,0,30
22,1,0,21.62,4,12.58,Clear,0,0,31
1,0,0,41.19,8,7.02,Clear,0,0,52
0,3,0,26.17,2,5.31,Rain,1,0,39
21,4,0,8.6,6,3.43,Rain,1,0,27
6,5,1,15.39,3,1.0,Clear,0,0,33
23,2,0,15.58,0,1.73,Clear,0,0,26
18,5,1,44.68,6,16.77,Heavy Rain,2,0,48
13,6,1,32.71,3,12.63,Clear,0,0,46
20,4,0,18.54,2,2.09,Rain,1,0,30
6,3,0,20.01,7,7.59,Rain,1,0,29
8,3,0,71.66,11,21.37,Clear,0,0,72
5,6,1,14.08,4,17.13,Clear,0,0,20
17,2,0,76.38,8,17.11,Clear,0,0,72
8,6,1,46.92,7,12.09,Clear,0,0,45
10,1,0,41.61,3,21.45,Clear,0,0,48
23,0,0,16.52,1,19.56,Clear,0,0,36
17,6,1,52.22,7,14.12,Clear,0,0,60
12,6,1,47.32,5,18.84,Rain,1,0,44
0,1,0,5.51,1,9.0,Clear,0,0,25
3,4,0,23.61,3,7.57,Clear,0,0,41
15,1,0,39.7,4,27.34,Clear,0,0,43
2,3,0,19.88,4,9.23,Clear,0,0,35
11,1,0,35.0,1,14.54,Clear,0,0,37
1,3,0,7.33,5,8.88,Clear,0,0,25
3,5,1,5.23,0,12.2,Clear,0,0,20
4,6,1,16.17,2,11.33,Clear,0,0,27
5,0,0,33.34,7,12.4,Clear,0,0,48
2,5,1,14.74,2,11.23,Clear,0,0,26
17,4,0,71.33,5,22.77,Clear,0,0,68
3,4,0,24.76,5,1.0,Clear,0,0,33
11,5,1,39.18,1,11.44,Clear,0,0,40
23,5,1,13.83,2,3.2,Clear,0,0,28
15,1,0,50.23,4,6.61,Clear,0,0,51
17,6,1,51.36,5,11.2,Clear,0,0,51
19,0,0,80.24,9,27.15,Clear,0,0,72
12,2,0,57.66,5,15.91,Clear,0,0,58
4,6,1,14.7,1,12.2,Rain,1,0,33
9,3,0,76.1,8,19.24,Clear,0,0,75
4,6,1,11.97,2,1.0,Clear,0,0,30
15,6,1,30.11,1,18.89,Rain,1,0,37
11,4,0,47.94,9,19.15,Clear,0,0,54
4,4,0,15.28,2,15.33,Clear,0,0,27
17,2,0,87.17,8,17.77,Clear,0,0,73
9,5,1,53.83,7,22.19,Clear,0,0,60
7,2,0,87.27,14,22.74,Clear,0,0,76
19,6,1,56.95,9,23.24,Clear,0,0,56
8,4,0,77.43,8,16.63,Clear,0,0,72
18,3,0,76.94,12,26.22,Clear,0,0,71
14,5,1,39.82,5,22.81,Clear,0,0,53
20,4,0,18.1,6,8.8,Clear,0,0,31
4,6,1,16.51,1,6.45,Clear,0,0,29
4,1,0,18.82,2,10.63,Clear,0,0,33
8,6,1,54.25,7,14.78,Clear,0,0,55
17,2,0,67.25,8,16.16,Heavy Rain,2,0,65
4,5,1,18.25,4,6.9,Clear,0,0,32
11,1,0,44.76,5,15.69,Clear,0,0,49
18,3,0,77.36,7,6.11,Clear,0,0,69
11,4,0,54.43,5,13.34,Clear,0,0,49
18,4,0,80.35,10,20.67,Clear,0,0,70
12,3,0,48.31,4,16.23,Heavy Rain,2,0,51
6,6,1,20.39,3,24.07,Clear,0,0,33
20,1,0,6.33,2,5.98,Clear,0,0,20
19,0,0,77.38,10,16.63,Clear,0,0,67
4,6,1,18.93,3,2.53,Clear,0,0,28
22,0,0,21.53,4,3.95,Clear,0,0,36
12,2,0,44.18,5,13.55,Clear,0,0,50
21,4,0,18.09,5,1.17,Clear,0,0,25
3,2,0,11.58,4,11.87,Clear,0,0,31
1,1,0,21.13,6,5.24,Rain,1,0,37
4,5,1,12.6,4,15.24,Clear,0,0,24
19,6,1,53.89,7,21.58,Clear,0,0,49
18,5,1,55.85,7,19.05,Clear,0,0,62
21,4,0,20.99,1,5.44,Clear,0,0,38
8,0,0,80.31,9,26.16,Heavy Rain,2,0,73
19,0,0,92.94,13,31.05,Rain,1,0,79
16,2,0,57.57,5,16.31,Rain,1,0,50
9,2,0,83.32,9,17.07,Heavy Rain,2,0,72
16,1,0,62.52,7,1.48,Clear,0,0,67
3,0,0,24.27,2,26.01,Clear,0,0,38
3,3,0,23.97,2,2.16,Clear,0,0,32
14,6,1,37.96,3,1.0,Clear,0,0,51
14,2,0,46.55,7,20.72,Rain,1,0,47
16,4,0,53.7,6,19.25,Clear,0,0,54
16,3,0,47.0,6,13.48,Clear,0,0,47
7,3,0,82.97,8,29.33,Clear,0,0,67
18,4,0,63.51,3,20.13,Clear,0,0,55
17,4,0,76.49,9,27.46,Rain,1,0,74
9,3,0,75.48,6,18.02,Clear,0,0,69
7,1,0,89.54,2,19.83,Clear,0,2,79
8,0,0,60.0,9,20.6,Clear,0,0,58
10,1,0,55.23,11,8.72,Clear,0,0,58
5,1,0,18.62,3,3.93,Clear,0,0,31
20,6,1,10.83,3,4.34,Clear,0,0,22
2,1,0,27.66,4,14.69,Clear,0,0,42
12,0,0,38.26,6,7.92,Clear,0,0,40
18,1,0,68.02,8,18.99,Clear,0,0,59
16,6,1,27.44,3,18.22,Heavy Rain,2,0,38
0,6,1,6.79,1,10.69,Clear,0,0,24
4,3,0,5.0,1,18.67,Clear,0,0,29
2,0,0,20.15,4,16.59,Clear,0,0,36
14,5,1,24.5,3,10.67,Clear,0,0,40
13,5,1,33.21,4,2.66,Rain,1,0,46
4,5,1,20.2,3,4.5,Clear,0,0,29
20,5,1,13.28,1,6.97,Clear,0,0,22
19,5,1,54.46,8,23.11,Rain,1,0,47
9,4,0,76.64,8,26.54,Clear,0,0,64
8,5,1,63.46,5,16.15,Clear,0,0,62
13,1,0,41.96,6,8.32,Clear,0,0,47
21,2,0,25.44,5,8.9,Clear,0,0,39
22,2,0,24.96,2,11.48,Clear,0,2,42
19,3,0,72.74,8,21.57,Clear,0,0,62
23,3,0,24.11,6,1.35,Clear,0,0,35
17,0,0,63.9,3,15.86,Rain,1,0,52
16,6,1,40.5,3,8.81,Clear,0,0,44
23,5,1,9.23,2,9.7,Clear,0,0,23
21,1,0,32.88,3,8.16,Clear,0,0,40
7,3,0,87.67,9,18.57,Clear,0,0,74
4,2,0,30.6,4,1.0,Clear,0,0,34
1,1,0,20.02,2,19.6,Clear,0,0,33
14,2,0,41.31,2,22.47,Rain,1,0,50
9,2,0,76.53,9,21.44,Clear,0,0,76
0,6,1,19.82,4,2.93,Clear,0,0,25
7,0,0,76.0,11,17.04,Clear,0,0,70
7,1,0,68.35,11,19.83,Clear,0,0,74
13,1,0,37.71,6,19.28,Clear,0,0,44
11,2,0,39.98,5,13.34,Clear,0,1,47
6,2,0,26.3,5,11.04,Clear,0,0,37
14,6,1,24.5,1,11.13,Clear,0,0,38
13,2,0,68.02,5,19.88,Clear,0,0,64
12,6,1,38.65,3,17.7,Heavy Rain,2,0,48
15,6,1,34.19,6,16.7,Clear,0,0,47
11,6,1,29.1,3,11.68,Clear,0,0,39
10,3,0,38.21,11,11.32,Clear,0,0,40
19,2,0,79.77,7,36.15,Clear,0,0,70
5,3,0,9.79,4,1.98,Clear,0,0,30
5,5,1,20.67,4,2.69,Clear,0,0,34
18,2,0,77.54,7,9.99,Rain,1,0,64
6,0,0,17.83,2,1.0,Clear,0,0,35
18,1,0,88.79,13,27.03,Clear,0,0,74
18,5,1,50.78,7,8.27,Clear,0,0,56
0,4,0,5.0,1,5.11,Clear,0,0,25
1,6,1,12.0,2,9.37,Clear,0,0,24
6,3,0,9.94,3,5.9,Clear,0,0,27
1,6,1,18.5,4,2.78,Clear,0,0,29
2,6,1,12.04,2,21.69,Rain,1,0,27
22,3,0,27.26,3,6.65,Clear,0,0,39
4,5,1,15.99,3,20.29,Clear,0,0,39
0,3,0,22.77,2,17.08,Clear,0,0,31
0,4,0,37.7,4,14.89,Rain,1,0,44
10,6,1,45.19,5,1.84,Clear,0,0,43
10,1,0,54.35,7,25.9,Rain,1,0,58
10,3,0,36.71,5,5.14,Rain,1,0,46
4,0,0,24.88,2,1.0,Clear,0,0,36
18,0,0,88.86,13,27.36,Rain,1,0,74
8,5,1,53.88,5,10.67,Clear,0,0,53
0,1,0,14.75,2,6.79,Clear,0,0,31
12,1,0,48.55,11,20.54,Clear,0,0,48
8,5,1,56.42,5,21.75,Rain,1,0,53
3,4,0,17.22,2,13.07,Clear,0,0,24
17,1,0,73.51,12,9.91,Clear,0,0,65
22,4,0,20.5,1,3.53,Clear,0,0,23
14,0,0,37.05,4,5.83,Clear,0,0,43
2,0,0,24.29,4,13.17,Clear,0,0,39
11,1,0,45.46,7,6.11,Clear,0,0,41
14,6,1,35.72,1,13.04,Clear,0,0,43
23,5,1,12.6,3,1.63,Clear,0,0,33
12,2,0,66.18,7,15.21,Clear,0,0,62
14,2,0,42.05,7,12.77,Clear,0,0,54
17,5,1,65.82,10,16.94,Rain,1,0,58
3,2,0,32.19,4,23.52,Clear,0,0,43
15,1,0,43.71,6,12.08,Clear,0,0,49
19,6,1,56.0,5,15.18,Clear,0,1,62
19,5,1,65.58,11,20.82,Clear,0,0,61
21,3,0,21.16,4,10.22,Rain,1,0,28
1,0,0,14.96,1,1.0,Clear,0,0,28
17,6,1,53.81,5,18.79,Clear,0,0,56
2,6,1,10.26,2,2.36,Clear,0,0,25
18,3,0,82.33,9,26.02,Clear,0,0,67
17,5,1,64.11,8,3.94,Clear,0,0,65
2,2,0,19.71,2,5.2,Rain,1,0,35
15,6,1,49.13,3,16.21,Clear,0,0,49
22,3,0,17.0,3,7.35,Clear,0,0,31
12,3,0,56.71,6,31.36,Clear,0,0,60
6,0,0,16.13,4,7.34,Clear,0,0,23
6,3,0,23.35,4,10.99,Clear,0,0,38
7,3,0,92.13,13,24.08,Clear,0,0,79
17,2,0,80.55,8,22.28,Clear,0,0,80
2,6,1,8.37,2,14.67,Clear,0,0,28
21,1,0,26.29,5,6.9,Clear,0,0,42
23,2,0,28.1,3,8.97,Clear,0,0,41
12,3,0,44.08,5,26.17,Clear,0,0,43
5,1,0,19.08,4,6.86,Clear,0,0,35
5,1,0,26.29,3,18.38,Clear,0,0,43
6,1,0,17.1,1,1.33,Clear,0,0,30
16,3,0,50.27,10,13.45,Rain,1,0,56
2,5,1,12.11,5,1.0,Clear,0,0,30
14,1,0,44.94,11,8.33,Clear,0,0,56
17,3,0,71.39,8,20.56,Clear,0,0,64
12,2,0,50.75,10,21.36,Rain,1,0,49
8,0,0,88.47,8,22.87,Clear,0,0,78
5,4,0,20.62,1,11.2,Rain,1,0,34
14,5,1,25.36,4,19.03,Clear,0,0,45
13,4,0,58.49,11,9.05,Clear,0,0,71
3,2,0,17.93,5,15.65,Clear,0,0,33
8,4,0,70.22,7,19.26,Clear,0,0,69
21,1,0,29.15,5,18.64,Clear,0,0,35
13,6,1,46.42,2,16.74,Clear,0,0,52
21,5,1,5.79,2,1.0,Clear,0,0,24
3,6,1,15.39,3,1.0,Clear,0,0,31
3,1,0,12.81,1,15.35,Clear,0,0,38
9,6,1,52.73,2,4.78,Rain,1,0,49
3,0,0,14.42,1,15.51,Clear,0,0,25
20,4,0,20.77,5,3.06,Clear,0,0,31
13,0,0,41.66,7,13.56,Clear,0,0,52
9,1,0,76.24,5,20.37,Rain,1,0,69
17,4,0,84.37,7,25.74,Clear,0,0,73
0,0,0,15.53,4,4.29,Clear,0,0,34
8,1,0,83.59,9,21.73,Rain,1,0,67
6,3,0,23.07,6,11.89,Clear,0,0,36
17,1,0,82.85,9,12.89,Clear,0,0,78
10,0,0,56.86,2,3.45,Clear,0,0,61
19,0,0,82.98,3,33.55,Clear,0,0,72
0,0,0,25.29,4,9.56,Clear,0,0,39
18,1,0,71.0,13,16.36,Rain,1,0,68
12,4,0,52.53,5,12.81,Clear,0,0,53
4,5,1,10.77,2,8.13,Rain,1,0,23
8,1,0,68.49,6,15.12,Rain,1,0,68
11,3,0,52.9,7,15.04,Clear,0,0,54
4,6,1,10.36,5,10.25,Clear,0,0,29
3,2,0,18.85,3,11.21,Clear,0,0,28
18,2,0,83.3,10,22.51,Clear,0,0,74
20,4,0,32.63,3,10.71,Heavy Rain,2,0,43
18,0,0,76.7,4,15.11,Rain,1,0,68
18,3,0,72.26,8,18.52,Rain,1,0,62
5,0,0,35.03,3,16.33,Clear,0,0,44
6,0,0,20.97,5,6.58,Rain,1,0,37
9,2,0,88.74,12,26.96,Heavy Rain,2,0,80
5,5,1,14.88,1,3.67,Clear,0,0,27
17,3,0,74.31,9,23.52,Heavy Rain,2,0,75
2,5,1,15.9,2,1.0,Clear,0,0,23
21,5,1,25.64,5,12.3,Clear,0,0,38
18,5,1,50.12,2,21.52,Rain,1,0,46
10,4,0,35.0,2,2.5,Clear,0,0,35
9,1,0,86.18,4,35.99,Clear,0,0,80
3,0,0,37.28,4,1.29,Clear,0,0,39
22,2,0,17.52,4,11.63,Clear,0,0,30
22,6,1,11.44,3,15.0,Clear,0,0,25
19,5,1,56.62,7,12.69,Rain,1,0,58
12,3,0,37.75,4,7.51,Clear,0,0,47
16,3,0,52.67,7,18.96,Rain,1,0,56
6,5,1,18.46,4,4.05,Clear,0,0,36
4,2,0,32.86,2,5.19,Clear,0,0,33
21,6,1,21.79,3,13.16,Rain,1,0,38
21,4,0,9.78,1,4.88,Clear,0,0,23
17,3,0,70.83,6,25.61,Clear,0,0,65
3,2,0,16.69,2,4.55,Clear,0,0,34
22,2,0,27.61,3,1.0,Rain,1,0,31
20,5,1,21.95,4,13.5,Rain,1,0,34
0,5,1,10.52,3,12.09,Clear,0,0,28
18,5,1,58.39,6,13.61,Clear,0,0,59
0,1,0,18.38,4,5.56,Heavy Rain,2,0,37
8,3,0,73.07,11,18.07,Clear,0,0,62
11,5,1,38.47,6,11.95,Rain,1,0,45
1,6,1,11.87,5,2.88,Clear,0,0,27
3,2,0,41.48,5,18.14,Clear,0,0,50
18,1,0,76.0,6,28.02,Clear,0,0,68
23,2,0,24.58,4,4.75,Clear,0,0,27
22,6,1,11.99,2,10.43,Clear,0,0,30
5,0,0,26.27,1,4.87,Clear,0,0,34
9,6,1,51.27,6,18.96,Clear,0,0,46
2,0,0,18.65,2,12.33,Clear,0,0,28
23,4,0,16.14,3,10.08,Rain,1,0,31
12,2,0,39.98,4,10.13,Clear,0,0,37
20,2,0,22.45,2,16.97,Clear,0,0,37
2,4,0,17.77,4,9.17,Clear,0,0,31
20,5,1,12.9,2,1.0,Clear,0,0,34
21,1,0,24.72,4,25.19,Clear,0,0,40
11,4,0,35.0,1,15.01,Clear,0,0,41
4,4,0,24.63,2,12.69,Rain,1,0,32
14,4,0,58.2,3,18.32,Clear,0,0,45
12,1,0,35.0,5,21.4,Clear,0,0,41
18,4,0,66.78,13,19.67,Clear,0,0,70
20,0,0,25.83,1,13.72,Clear,0,0,36
5,2,0,29.25,2,13.1,Clear,0,0,36
5,4,0,32.75,4,12.17,Clear,0,0,47
1,1,0,15.02,2,1.0,Clear,0,0,25
16,5,1,48.23,8,18.78,Clear,0,0,46
4,4,0,13.2,3,9.24,Clear,0,0,30
11,5,1,24.5,6,11.8,Clear,0,0,35
14,5,1,24.5,2,8.24,Clear,0,0,34
7,3,0,75.48,6,10.52,Clear,0,0,70
13,0,0,68.1,10,23.62,Heavy Rain,2,0,62
6,6,1,3.51,0,6.81,Clear,0,0,20
7,2,0,64.17,5,18.7,Rain,1,0,60
11,4,0,50.3,4,9.68,Rain,1,0,51
8,2,0,79.15,6,25.48,Clear,0,0,70
17,2,0,85.98,11,28.96,Clear,0,0,78
6,6,1,19.99,0,17.6,Clear,0,0,33
13,3,0,60.39,10,20.26,Clear,0,0,52
22,4,0,26.94,6,1.0,Clear,0,0,38
8,5,1,51.96,6,12.34,Clear,0,0,50
22,6,1,12.23,3,10.1,Clear,0,0,25
12,2,0,37.58,0,2.31,Clear,0,0,45
21,6,1,17.07,1,6.08,Clear,0,0,26
1,1,0,18.27,4,13.62,Rain,1,0,33
1,4,0,20.32,2,1.0,Rain,1,0,32
12,5,1,36.68,7,20.37,Clear,0,0,46
11,4,0,47.91,5,6.04,Clear,0,0,51
2,2,0,16.27,4,7.72,Clear,0,0,31
6,6,1,7.69,1,8.3,Clear,0,0,32
10,2,0,47.43,6,20.07,Rain,1,0,46
21,5,1,3.5,0,5.89,Clear,0,0,20
10,4,0,43.82,10,19.15,Clear,0,0,51
19,1,0,83.33,8,22.75,Clear,0,0,69
14,1,0,63.63,11,21.41,Clear,0,0,63
19,1,0,76.5,4,16.98,Clear,0,0,67
15,1,0,46.71,6,10.87,Clear,0,0,49
4,0,0,18.88,3,8.78,Clear,0,0,30
18,3,0,76.92,8,10.21,Rain,1,0,74
20,6,1,6.81,2,4.15,Clear,0,0,27
5,0,0,14.7,1,8.7,Rain,1,0,24
7,5,1,60.66,4,17.44,Heavy Rain,2,0,52
9,4,0,74.42,8,40.37,Rain,1,0,70
20,6,1,16.85,2,16.65,Clear,0,0,34
6,2,0,10.64,2,8.35,Rain,1,0,27
23,5,1,18.75,1,1.41,Clear,0,0,30
23,3,0,26.28,2,1.0,Rain,1,0,39
13,5,1,40.44,3,11.6,Heavy Rain,2,0,46
12,2,0,54.47,3,21.84,Rain,1,0,50
6,1,0,17.66,1,10.74,Clear,0,0,29
0,1,0,17.26,2,4.18,Rain,1,0,31
22,1,0,22.21,3,11.41,Rain,1,0,38
8,2,0,78.24,8,19.1,Clear,0,0,62
6,3,0,24.89,5,15.06,Clear,0,0,38
2,0,0,31.08,5,17.79,Clear,0,0,43
5,0,0,11.29,2,9.16,Rain,1,0,25
18,0,0,82.61,10,29.53,Clear,0,0,75
9,4,0,65.51,10,1.8,Heavy Rain,2,0,66
15,6,1,38.64,8,11.72,Clear,0,0,45
16,2,0,56.12,6,17.27,Clear,0,0,57
2,0,0,33.26,4,9.15,Clear,0,0,42
20,0,0,13.12,5,4.48,Rain,1,0,25
5,4,0,6.08,2,5.91,Clear,0,0,28
7,6,1,65.92,14,19.87,Clear,0,0,71
17,3,0,97.03,12,29.45,Clear,0,0,80
19,0,0,82.35,9,21.36,Clear,0,0,66
7,0,0,74.82,8,16.22,Clear,0,0,66
23,1,0,16.61,3,23.47,Rain,1,0,25
5,2,0,21.18,2,16.9,Rain,1,0,23
2,5,1,15.82,3,15.69,Clear,0,0,37
5,5,1,18.89,5,23.33,Clear,0,0,29
15,2,0,49.33,3,26.67,Clear,0,0,50
2,6,1,13.61,3,19.07,Clear,0,0,29
14,5,1,32.07,2,8.67,Clear,0,0,41
2,1,0,29.2,1,13.8,Clear,0,0,36
4,6,1,9.77,3,9.09,Clear,0,0,20
3,5,1,16.44,7,10.98,Clear,0,0,26
4,4,0,36.66,2,7.44,Clear,0,0,37
1,3,0,17.97,3,14.24,Rain,1,0,31
7,2,0,98.0,9,24.46,Heavy Rain,2,0,80
21,0,0,10.68,2,1.0,Clear,0,0,23
5,5,1,17.07,4,12.06,Rain,1,0,26
21,2,0,17.5,2,3.72,Rain,1,0,30
16,1,0,53.14,8,24.07,Clear,0,0,56
12,3,0,48.9,4,13.68,Clear,0,0,43
19,6,1,61.21,9,17.12,Clear,0,0,59
9,2,0,82.11,7,10.82,Clear,0,0,70
12,2,0,52.94,3,18.7,Clear,0,0,47
20,3,0,26.21,5,7.34,Clear,0,0,41
21,5,1,8.7,1,5.23,Clear,0,0,24
14,3,0,38.19,3,5.73,Rain,1,0,41
16,0,0,35.98,2,11.62,Rain,1,0,49
18,4,0,78.21,11,26.0,Clear,0,0,76
22,6,1,16.58,0,8.45,Clear,0,0,20
5,3,0,15.87,3,20.92,Clear,0,0,32
4,5,1,23.26,2,4.85,Clear,0,0,32
17,6,1,51.7,5,18.91,Heavy Rain,2,0,50
12,3,0,58.11,7,16.98,Clear,0,0,56
15,2,0,59.44,4,12.74,Rain,1,0,58
17,5,1,51.38,9,22.87,Clear,0,0,58
3,0,0,17.12,1,15.58,Clear,0,0,24
16,5,1,27.1,1,12.6,Clear,0,0,29
17,1,0,73.9,8,22.71,Clear,0,0,62
8,3,0,72.1,7,24.76,Clear,0,0,70
10,2,0,53.96,5,16.81,Clear,0,0,58
3,4,0,6.45,3,4.88,Rain,1,0,26
9,2,0,82.61,9,25.12,Clear,0,0,73
23,1,0,24.91,6,17.15,Clear,0,0,30
11,2,0,35.0,6,20.18,Clear,0,0,40
12,0,0,75.26,6,21.92,Clear,0,0,64
2,2,0,26.08,6,5.18,Clear,0,0,38
13,1,0,49.59,5,13.17,Clear,0,0,52
12,4,0,65.21,6,18.65,Clear,0,0,59
18,1,0,85.02,18,25.26,Clear,0,0,78
22,0,0,13.44,1,15.6,Rain,1,0,27
1,0,0,6.13,0,8.4,Clear,0,0,31
20,3,0,7.63,3,14.47,Rain,1,0,24
12,1,0,50.02,6,19.52,Heavy Rain,2,0,49
3,0,0,25.45,5,15.05,Rain,1,0,37
2,1,0,21.0,4,9.03,Rain,1,0,28
11,0,0,56.94,5,23.39,Rain,1,0,59
18,6,1,49.5,7,28.21,Heavy Rain,2,0,52
6,5,1,13.68,0,14.5,Clear,0,0,24
0,0,0,16.4,5,14.09,Clear,0,0,28
5,5,1,9.54,0,8.06,Clear,0,0,27
1,5,1,23.65,2,14.06,Rain,1,0,36
22,4,0,25.05,6,14.61,Clear,0,0,40
2,1,0,18.83,4,10.94,Clear,0,0,30
13,5,1,33.96,3,14.79,Clear,0,0,36
1,6,1,17.68,7,11.72,Clear,0,0,38
13,0,0,48.49,8,9.6,Clear,0,0,55
18,4,0,83.1,4,25.4,Clear,0,0,77
17,2,0,87.79,14,24.06,Clear,0,0,76
16,1,0,47.65,7,10.05,Rain,1,0,53
18,6,1,56.9,6,15.35,Clear,0,0,62
13,5,1,24.5,4,13.43,Clear,0,0,29
16,2,0,37.43,5,20.22,Clear,0,0,50
7,4,0,80.7,6,7.83,Clear,0,0,80
1,2,0,10.99,0,2.08,Clear,0,0,24
21,3,0,16.63,6,6.7,Clear,0,0,26
9,0,0,88.42,5,17.26,Clear,0,0,70
13,3,0,36.74,4,12.83,Heavy Rain,2,0,44
21,3,0,14.17,2,2.75,Clear,0,0,25
17,5,1,54.5,6,10.67,Clear,0,0,62
22,3,0,19.69,3,2.56,Clear,0,0,34
12,4,0,47.59,7,1.0,Clear,0,0,43
21,2,0,36.97,4,18.26,Clear,0,0,31
18,0,0,76.9,8,6.35,Clear,0,0,66
3,2,0,18.38,2,7.58,Rain,1,0,35
18,1,0,84.31,7,22.34,Heavy Rain,2,0,72
7,6,1,59.44,8,17.79,Clear,0,0,66
12,0,0,53.99,10,7.05,Clear,0,0,57
5,0,0,25.28,0,9.17,Clear,0,0,39
3,4,0,20.03,4,1.0,Clear,0,0,30
9,2,0,77.69,9,25.45,Clear,0,0,71
10,6,1,29.34,0,17.71,Clear,0,0,32
3,0,0,16.6,5,7.53,Clear,0,0,31
11,3,0,52.81,7,13.36,Rain,1,0,60
15,0,0,54.65,4,4.97,Clear,0,0,51
8,5,1,59.88,5,36.23,Clear,0,0,54
13,0,0,42.47,8,12.81,Clear,0,0,46
20,3,0,28.97,3,21.31,Clear,0,0,43
18,3,0,71.66,4,30.81,Clear,0,0,64
20,3,0,6.83,0,6.59,Clear,0,0,30
23,0,0,20.7,5,11.4,Clear,0,0,35
0,3,0,28.64,3,13.24,Clear,0,0,34
2,3,0,13.68,2,11.69,Rain,1,0,23
15,0,0,41.05,8,4.17,Clear,0,0,52
6,2,0,24.52,1,10.77,Clear,0,0,37
9,1,0,75.12,6,20.11,Clear,0,0,66
7,0,0,94.08,14,17.55,Clear,0,0,80
18,2,0,77.35,10,23.09,Clear,0,0,75
1,4,0,38.58,3,7.57,Clear,0,0,47
20,6,1,19.27,1,1.0,Clear,0,0,34
0,4,0,26.44,7,23.43,Clear,0,0,39
16,0,0,44.09,3,22.51,Rain,1,0,50
2,6,1,9.38,2,3.92,Clear,0,0,26
1,0,0,33.3,4,16.39,Clear,0,0,43
15,1,0,44.72,4,1.59,Rain,1,0,44
7,0,0,73.35,4,22.19,Clear,0,0,64
4,2,0,19.43,0,22.43,Clear,0,0,33
7,4,0,70.16,7,25.44,Rain,1,0,59
8,4,0,88.37,6,25.1,Clear,0,0,75
21,5,1,12.24,0,23.54,Clear,0,0,25
15,4,0,58.71,9,19.49,Clear,0,0,49
1,6,1,4.09,3,5.16,Clear,0,0,26
13,1,0,59.94,6,22.56,Clear,0,0,61
6,2,0,12.56,5,6.07,Clear,0,0,26
23,3,0,17.69,5,9.44,Clear,0,0,28
0,0,0,16.25,2,12.24,Clear,0,0,39
14,6,1,36.89,3,11.6,Clear,0,0,38
9,1,0,83.86,11,21.32,Clear,0,0,80
19,0,0,79.22,9,11.53,Clear,0,0,66
20,4,0,24.01,2,3.88,Rain,1,0,38
0,4,0,17.9,4,1.0,Clear,0,0,35
1,4,0,25.27,4,16.95,Clear,0,0,34
10,0,0,45.05,4,7.91,Rain,1,0,45
1,3,0,8.46,2,9.81,Clear,0,0,29
12,4,0,46.79,3,6.19,Clear,0,0,47
8,5,1,54.63,4,19.09,Clear,0,0,54
20,6,1,20.53,3,8.62,Rain,1,0,37
13,6,1,36.46,7,14.75,Rain,1,0,49
23,0,0,30.31,4,9.41,Clear,0,0,43
12,3,0,58.79,6,25.55,Clear,0,0,59
12,5,1,29.88,6,7.69,Heavy Rain,2,0,42
19,3,0,86.54,9,26.39,Clear,0,0,69
17,3,0,85.61,10,16.2,Clear,0,0,73
20,5,1,22.21,1,9.74,Clear,0,0,32
17,2,0,88.2,7,15.83,Rain,1,0,74
13,1,0,60.53,7,28.15,Clear,0,0,62
21,2,0,26.24,7,3.2,Rain,1,0,33
3,6,1,8.51,0,9.01,Clear,0,0,28
8,6,1,60.71,8,16.79,Clear,0,0,60
2,1,0,23.77,4,12.82,Clear,0,0,36
17,6,1,42.0,4,6.54,Clear,0,0,50
21,5,1,17.63,6,17.02,Clear,0,0,29
14,0,0,61.08,10,20.62,Clear,0,0,60
16,4,0,46.23,4,4.83,Clear,0,0,46
11,2,0,39.3,9,3.62,Clear,0,0,39
7,4,0,75.52,12,31.25,Rain,1,0,63
15,4,0,66.01,6,15.83,Clear,0,0,63
2,1,0,24.23,3,11.64,Heavy Rain,2,0,38
22,3,0,25.43,0,5.83,Clear,0,0,26
6,0,0,16.61,0,1.0,Clear,0,0,35
14,4,0,62.56,6,24.64,Clear,0,0,56
23,6,1,13.83,7,10.67,Rain,1,0,32
7,2,0,80.12,7,17.13,Rain,1,0,70
19,3,0,61.57,7,11.24,Clear,0,0,58
20,6,1,12.46,0,6.73,Clear,0,0,26
22,5,1,15.92,2,1.0,Clear,0,0,36
12,2,0,49.6,4,11.97,Clear,0,0,56
5,2,0,10.4,2,9.42,Heavy Rain,2,0,27
6,6,1,14.88,3,13.35,Rain,1,0,22
3,6,1,17.19,2,8.97,Rain,1,0,35
6,6,1,11.63,3,2.73,Clear,0,0,25
21,4,0,5.0,1,5.86,Clear,0,0,22
0,1,0,9.19,1,5.04,Clear,0,0,27
7,6,1,50.4,3,20.31,Clear,0,0,56
7,1,0,85.36,10,30.49,Clear,0,0,76
11,5,1,36.33,6,7.31,Heavy Rain,2,0,46
7,3,0,79.09,14,22.2,Rain,1,0,79
19,1,0,75.33,7,19.29,Clear,0,0,67
21,6,1,18.68,3,4.06,Clear,0,0,31
4,1,0,27.84,3,9.28,Clear,0,0,33
16,4,0,54.68,9,14.65,Clear,0,0,56
19,0,0,76.08,15,22.75,Clear,0,0,67
7,5,1,53.64,6,10.37,Clear,0,0,50
19,2,0,83.35,10,22.12,Rain,1,0,70
9,5,1,54.0,6,25.43,Clear,0,0,57
3,6,1,12.05,3,1.0,Clear,0,0,23
5,6,1,21.94,2,5.19,Clear,0,2,35
1,1,0,26.68,4,8.68,Rain,1,0,33
17,6,1,63.63,10,22.1,Clear,0,0,64
14,4,0,59.94,9,16.98,Clear,0,0,58
6,0,0,18.02,4,5.72,Rain,1,0,31
4,2,0,16.3,2,8.73,Clear,0,0,35
21,6,1,17.93,2,6.26,Clear,0,0,26
10,2,0,65.68,5,22.97,Clear,0,0,60
2,5,1,10.27,0,13.45,Rain,1,0,26
3,6,1,7.76,2,4.85,Clear,0,0,20
7,1,0,81.5,10,26.11,Clear,0,0,70
15,1,0,36.05,3,20.23,Clear,0,0,42
8,5,1,51.14,5,22.44,Clear,0,0,49
1,0,0,11.74,0,6.34,Clear,0,0,27
5,1,0,17.04,2,9.82,Clear,0,0,30
20,3,0,19.43,5,4.71,Clear,0,0,34
2,0,0,39.11,4,21.48,Rain,1,0,47
19,1,0,72.69,6,3.97,Clear,0,0,65
18,3,0,82.87,10,19.4,Rain,1,0,79
8,0,0,74.58,9,27.49,Rain,1,0,72
10,4,0,47.33,2,16.4,Clear,0,0,53
11,0,0,60.09,10,12.72,Clear,0,0,63
3,5,1,15.9,0,4.7,Clear,0,0,27
7,0,0,72.93,11,19.24,Rain,1,0,65
13,1,0,40.65,4,13.6,Clear,0,0,47
7,2,0,84.0,15,19.43,Clear,0,0,77
1,4,0,6.78,4,1.0,Clear,0,0,25
12,3,0,61.63,0,13.79,Clear,0,0,58
21,1,0,33.14,1,5.87,Clear,0,0,35
3,2,0,11.96,1,2.62,Clear,0,0,34
11,3,0,35.0,0,7.0,Rain,1,0,35
17,3,0,81.58,7,23.02,Clear,0,0,69
14,6,1,40.44,3,6.67,Clear,0,0,43
13,1,0,63.56,6,19.93,Clear,0,0,53
10,5,1,41.18,10,16.34,Rain,1,0,47
16,1,0,45.57,7,9.96,Clear,0,0,48
7,5,1,62.63,5,7.09,Heavy Rain,2,0,61
21,3,0,18.67,1,9.7,Rain,1,0,37
1,3,0,23.05,5,9.37,Clear,0,0,34
7,6,1,56.66,8,3.57,Rain,1,0,57
5,2,0,24.67,3,7.32,Rain,1,0,42
3,0,0,17.16,3,15.49,Rain,1,0,26
22,5,1,12.5,1,15.44,Heavy Rain,2,0,29
18,0,0,88.92,12,33.87,Clear,0,0,80
1,2,0,26.95,4,1.75,Clear,0,0,39
10,1,0,60.5,4,16.07,Clear,0,0,54
0,2,0,9.68,0,5.13,Clear,0,0,28
12,1,0,44.31,10,27.54,Clear,0,0,47
7,0,0,75.46,10,15.27,Clear,0,0,67
20,6,1,10.86,1,1.0,Clear,0,0,29
17,5,1,52.51,9,9.22,Rain,1,0,60
22,6,1,20.36,6,10.34,Rain,1,0,37
4,6,1,10.65,0,2.54,Heavy Rain,2,0,26
10,0,0,62.03,14,5.65,Clear,0,0,65
0,5,1,7.7,2,1.0,Rain,1,0,20
20,5,1,10.31,0,7.61,Clear,0,0,24
1,3,0,28.99,6,14.86,Rain,1,0,39
22,3,0,22.25,2,17.16,Clear,0,0,27
8,4,0,81.52,15,28.37,Heavy Rain,2,0,74
11,4,0,69.04,12,25.6,Clear,0,0,61
9,4,0,76.84,6,18.71,Clear,0,0,72
1,6,1,16.89,3,9.54,Clear,0,1,29
8,1,0,85.38,10,24.51,Clear,0,0,70
8,0,0,80.69,8,22.52,Rain,1,0,78
9,0,0,60.0,11,18.7,Clear,0,0,60
16,2,0,37.91,4,23.18,Clear,0,0,47
18,6,1,50.69,2,6.19,Rain,1,0,55
12,4,0,61.14,9,18.17,Clear,0,0,64
14,3,0,39.88,5,9.76,Clear,0,0,46
17,3,0,78.01,6,5.69,Clear,0,0,65
4,2,0,11.85,1,2.48,Clear,0,0,33
17,0,0,84.42,8,22.37,Clear,0,0,73
2,1,0,25.49,3,6.25,Clear,0,0,42
10,5,1,36.73,1,5.13,Heavy Rain,2,0,48
5,4,0,18.61,2,4.21,Clear,0,0,35
13,2,0,52.83,9,3.57,Clear,0,0,60
7,6,1,56.39,7,20.8,Clear,0,0,59
19,6,1,42.0,7,19.95,Clear,0,0,50
21,4,0,24.8,3,22.02,Clear,0,0,36
18,4,0,70.89,8,18.81,Clear,0,0,59
17,1,0,63.7,9,17.51,Clear,0,0,60
21,0,0,17.45,8,4.98,Clear,0,0,40
21,0,0,14.08,2,8.86,Clear,0,0,30
20,0,0,17.4,3,5.06,Clear,0,0,32
11,0,0,35.0,6,12.21,Rain,1,0,43
1,6,1,7.08,1,13.6,Clear,0,0,21
20,4,0,26.6,5,4.82,Clear,0,0,35
9,5,1,64.65,6,14.78,Rain,1,0,62
17,2,0,76.85,7,21.39,Clear,0,0,69
11,0,0,47.83,2,14.61,Clear,0,0,47
16,3,0,39.03,8,8.77,Clear,0,0,46
16,0,0,45.46,4,14.46,Rain,1,0,48
4,4,0,25.01,5,16.45,Clear,0,0,30
19,0,0,74.0,8,24.09,Clear,0,0,73
21,6,1,13.73,4,6.48,Heavy Rain,2,0,31
12,2,0,38.66,4,6.78,Clear,0,0,34
21,6,1,18.95,1,10.03,Rain,1,0,28
4,2,0,21.86,3,2.31,Clear,0,0,34
19,3,0,71.16,8,17.59,Clear,0,0,66
14,2,0,61.18,7,17.7,Clear,0,0,63
14,6,1,30.95,4,24.74,Clear,0,0,37
2,6,1,20.46,4,8.62,Clear,0,0,36
14,1,0,56.53,5,11.78,Clear,0,0,56
5,3,0,36.93,5,14.62,Clear,0,0,42
6,4,0,21.03,4,10.26,Clear,0,0,31
18,2,0,84.36,9,29.0,Clear,0,0,76
17,2,0,88.2,6,28.19,Rain,1,0,71
12,4,0,38.96,2,10.65,Clear,0,0,41
14,0,0,46.97,2,18.93,Rain,1,0,47
6,6,1,5.61,1,14.5,Clear,0,0,27
3,2,0,23.62,1,8.39,Clear,0,0,37
19,3,0,75.81,7,20.1,Clear,0,0,69
2,3,0,15.89,6,11.32,Rain,1,0,30
13,2,0,49.13,8,5.3,Rain,1,0,50
22,1,0,18.61,2,1.0,Rain,1,0,37
3,6,1,9.42,3,5.32,Clear,0,0,27
7,2,0,71.1,7,16.76,Clear,0,0,64
7,4,0,78.92,10,22.98,Rain,1,0,70
13,2,0,52.36,8,13.27,Heavy Rain,2,0,54
19,5,1,52.03,5,14.63,Clear,0,0,51
9,4,0,67.23,10,20.23,Rain,1,0,62
1,1,0,28.31,5,1.0,Clear,0,0,28
14,3,0,50.86,5,15.43,Clear,0,0,51
3,0,0,18.83,3,6.75,Clear,0,0,31
9,4,0,93.43,13,28.14,Clear,0,0,80
13,5,1,49.65,6,15.7,Clear,0,0,52
5,6,1,23.5,4,21.64,Clear,0,0,47
14,6,1,38.35,4,15.8,Clear,0,0,42
17,1,0,73.13,6,16.1,Clear,0,0,68
17,6,1,45.28,6,9.61,Clear,0,0,43
18,5,1,57.15,8,11.67,Clear,0,0,54
5,1,0,13.23,0,11.17,Clear,0,0,24
3,6,1,18.55,3,2.07,Clear,0,0,36
17,3,0,75.92,9,29.69,Clear,0,0,70
2,6,1,9.18,0,14.63,Clear,0,0,26
14,5,1,24.71,6,12.89,Clear,0,0,32
1,0,0,28.04,5,10.29,Clear,0,0,31
21,6,1,13.65,2,6.35,Clear,0,0,30
7,0,0,79.73,8,28.61,Clear,0,0,73
17,2,0,72.77,7,26.91,Clear,0,0,73
8,1,0,74.76,9,23.2,Rain,1,0,69
1,1,0,25.62,6,18.49,Clear,0,0,34
3,3,0,6.22,3,4.93,Rain,1,0,23
0,4,0,17.03,2,11.78,Clear,0,0,29
20,1,0,29.51,2,6.91,Rain,1,0,39
0,4,0,5.17,3,14.33,Rain,1,0,21
7,6,1,61.78,8,6.02,Clear,0,0,65
16,1,0,42.86,5,8.81,Clear,0,0,42
3,1,0,28.55,1,9.46,Clear,0,0,38
13,2,0,48.18,5,9.53,Rain,1,0,56
20,6,1,8.57,1,11.15,Clear,0,0,31
11,5,1,36.72,5,17.02,Clear,0,0,43
15,2,0,62.18,6,23.64,Heavy Rain,2,0,58
6,1,0,27.99,1,15.25,Clear,0,0,38
0,2,0,17.76,2,12.98,Rain,1,0,38
9,3,0,89.03,15,32.91,Rain,1,0,74
19,1,0,77.44,7,21.9,Clear,0,0,70
9,2,0,72.6,9,17.45,Clear,0,0,69
11,3,0,62.91,7,18.38,Rain,1,0,64
11,6,1,46.18,5,24.43,Clear,0,0,52
10,4,0,48.9,5,9.09,Clear,0,0,49
23,3,0,25.34,5,10.63,Clear,0,0,31
8,4,0,84.78,11,26.78,Clear,0,0,70
23,4,0,12.06,3,1.51,Clear,0,0,38
4,6,1,21.85,2,5.73,Clear,0,0,30
21,0,0,27.13,2,8.53,Clear,0,0,39
7,2,0,72.64,9,25.74,Clear,0,0,62
2,0,0,11.01,3,4.91,Clear,0,0,26
6,1,0,13.79,2,1.0,Clear,0,0,33
9,6,1,58.8,7,8.1,Rain,1,0,54
4,3,0,22.33,10,1.55,Clear,0,0,33
22,0,0,12.84,0,12.76,Clear,0,0,32
19,0,0,81.85,11,23.38,Clear,0,0,70
2,1,0,17.0,1,1.0,Clear,0,0,32
12,1,0,49.34,6,14.4,Clear,0,0,42
8,0,0,72.13,6,17.76,Clear,0,0,65
7,4,0,79.75,9,19.46,Rain,1,0,72
22,4,0,21.46,1,13.57,Clear,0,0,25
10,4,0,50.28,7,10.53,Rain,1,0,55
16,5,1,27.82,5,15.08,Clear,0,0,36
7,2,0,74.75,11,23.17,Clear,0,0,69
15,6,1,27.13,2,15.17,Clear,0,0,35
6,1,0,24.45,4,4.0,Clear,0,0,33
6,1,0,14.07,8,18.0,Clear,0,0,27
0,3,0,26.11,8,15.76,Clear,0,2,32
9,2,0,85.92,6,23.17,Clear,0,0,70
2,3,0,19.97,2,14.15,Clear,0,0,32
13,6,1,50.2,9,11.61,Clear,0,0,56
9,6,1,53.84,5,8.3,Clear,0,0,58
1,4,0,22.15,5,18.03,Clear,0,0,39
23,4,0,8.87,0,8.13,Clear,0,0,33
6,5,1,11.42,2,12.92,Clear,0,0,28
22,0,0,21.82,3,1.0,Clear,0,0,30
19,5,1,55.93,7,16.38,Heavy Rain,2,0,54
17,6,1,57.33,10,26.69,Rain,1,0,53
16,5,1,37.82,2,5.57,Clear,0,0,49
22,3,0,27.36,2,17.11,Clear,0,0,31
12,5,1,24.5,2,12.51,Clear,0,0,42
5,5,1,10.41,3,7.87,Clear,0,0,28
8,2,0,75.27,10,14.74,Clear,0,0,67
22,5,1,11.94,1,11.99,Clear,0,0,26
9,5,1,51.15,5,15.16,Clear,0,0,48
10,2,0,62.46,6,26.8,Clear,0,0,56
12,0,0,40.95,2,6.44,Clear,0,0,45
10,4,0,35.0,10,19.47,Clear,0,0,49
3,1,0,14.36,3,5.74,Clear,0,0,28
6,1,0,19.48,5,15.87,Clear,0,0,38
3,0,0,17.94,3,6.76,Clear,0,0,34
11,6,1,42.49,6,20.14,Clear,0,0,54
14,0,0,54.75,6,27.31,Rain,1,0,56
18,5,1,53.57,11,9.65,Clear,0,0,57
12,4,0,53.2,10,13.24,Rain,1,0,62
13,6,1,31.21,8,10.95,Clear,0,0,43
14,5,1,40.84,1,9.34,Clear,0,0,48
18,6,1,56.74,9,23.31,Clear,0,0,55
18,2,0,86.15,14,23.41,Clear,0,0,77
16,0,0,52.04,4,20.63,Clear,0,0,59
22,4,0,14.86,5,8.29,Clear,0,0,33
20,6,1,18.24,0,14.57,Clear,0,0,36
17,2,0,70.9,9,18.56,Heavy Rain,2,0,61
20,3,0,18.37,5,7.71,Heavy Rain,2,0,27
10,5,1,27.38,3,8.64,Clear,0,0,41
14,4,0,41.66,2,9.18,Clear,0,0,45
0,0,0,14.27,1,10.13,Clear,0,0,31
8,4,0,89.0,7,19.41,Clear,0,0,74
10,6,1,40.89,5,1.0,Heavy Rain,2,0,44
21,5,1,13.89,2,1.0,Rain,1,0,34
15,5,1,24.5,4,7.57,Clear,0,0,39
13,5,1,30.55,5,1.27,Clear,0,0,42
17,3,0,81.5,8,22.87,Clear,0,0,73
15,3,0,39.78,3,20.67,Clear,0,0,43
6,1,0,15.7,2,14.65,Clear,0,0,29
10,4,0,61.49,4,25.03,Clear,0,0,56
22,5,1,4.49,3,13.4,Clear,0,0,23
14,2,0,46.96,5,18.28,Rain,1,0,50
5,3,0,16.93,3,11.8,Clear,0,0,29
16,4,0,57.53,11,21.21,Rain,1,0,63
23,3,0,29.08,4,3.87,Clear,0,0,39
1,1,0,17.79,1,10.7,Rain,1,0,31
0,6,1,10.46,1,1.0,Clear,0,0,31
22,2,0,21.04,4,7.21,Rain,1,0,28
6,1,0,26.12,4,18.32,Clear,0,0,32
10,1,0,62.32,10,21.03,Clear,0,0,65
22,1,0,11.43,2,7.75,Clear,0,0,29
4,6,1,3.5,2,1.0,Rain,1,0,20
7,3,0,91.37,8,24.65,Rain,1,0,77
12,6,1,33.63,7,12.18,Clear,0,0,42
13,0,0,56.14,7,25.17,Clear,0,0,55
10,4,0,45.52,6,2.82,Rain,1,0,47
15,3,0,44.27,6,15.82,Clear,0,0,33
6,3,0,5.0,0,1.2,Clear,0,0,20
19,1,0,70.34,12,12.14,Clear,0,0,64
15,4,0,56.04,11,19.98,Clear,0,0,56
15,4,0,57.79,5,8.7,Clear,0,0,55
6,0,0,24.15,1,6.93,Clear,0,0,28
3,0,0,28.43,4,6.75,Clear,0,0,35
11,0,0,39.92,4,3.15,Clear,0,0,44
0,3,0,20.51,2,8.36,Rain,1,0,34
19,6,1,58.97,6,9.79,Clear,0,0,54
13,5,1,29.32,3,8.39,Rain,1,0,42
14,0,0,73.15,7,20.87,Clear,0,0,68
11,6,1,42.1,8,18.33,Clear,0,0,52
12,3,0,56.5,13,10.41,Clear,0,0,61
11,1,0,62.38,6,13.19,Clear,0,0,56
4,0,0,19.82,5,11.03,Clear,0,0,32
14,1,0,52.01,7,12.65,Clear,0,0,58
10,2,0,46.08,5,14.39,Clear,0,0,54
20,2,0,19.9,3,2.11,Clear,0,0,36
6,4,0,17.1,1,7.01,Clear,0,0,29
13,6,1,35.56,2,21.81,Clear,0,0,38
15,5,1,32.29,4,9.97,Clear,0,0,31
14,2,0,40.23,3,8.91,Clear,0,0,45
12,1,0,67.32,5,8.34,Rain,1,0,65
20,4,0,22.47,2,2.23,Clear,0,0,31
6,6,1,19.6,6,14.16,Clear,0,0,29
17,1,0,83.81,10,29.41,Clear,0,0,64
17,2,0,80.83,9,13.29,Clear,0,0,72
15,6,1,45.81,4,2.91,Rain,1,0,51
2,5,1,3.5,1,10.7,Clear,0,0,22
3,4,0,17.96,3,12.62,Clear,0,0,30
15,1,0,47.75,5,12.45,Clear,0,0,49
18,6,1,49.3,5,21.91,Clear,0,0,44
18,1,0,73.14,7,29.67,Clear,0,0,66
17,0,0,79.15,8,25.73,Clear,0,0,73
21,6,1,13.38,2,8.71,Clear,0,0,26
10,2,0,41.24,11,14.5,Clear,0,0,49
14,2,0,49.88,5,16.68,Rain,1,0,48
3,0,0,24.01,1,1.74,Clear,0,0,27
9,0,0,80.59,7,19.67,Rain,1,0,63
15,0,0,46.12,4,13.89,Heavy Rain,2,0,49
6,1,0,24.71,0,2.08,Clear,0,0,37
5,5,1,15.28,3,7.16,Clear,0,0,34
2,1,0,14.57,4,13.3,Clear,0,0,34
15,0,0,60.28,8,5.56,Rain,1,0,55
21,2,0,11.66,3,9.55,Clear,0,0,24
6,6,1,7.53,2,12.95,Clear,0,0,28
9,1,0,87.25,8,18.87,Clear,0,0,74
18,0,0,85.92,9,38.74,Clear,0,0,74
17,0,0,73.38,15,15.72,Clear,0,0,68
12,0,0,58.08,4,19.33,Rain,1,0,48
12,0,0,62.89,8,13.2,Clear,0,0,59
11,0,0,58.46,6,18.4,Clear,0,0,65
17,2,0,86.04,9,19.85,Clear,0,0,74
5,5,1,16.98,3,1.54,Rain,1,0,37
1,1,0,5.0,0,5.46,Clear,0,0,27
3,4,0,15.59,4,3.94,Clear,0,0,27
22,2,0,27.12,3,15.85,Heavy Rain,2,0,37
17,1,0,70.47,8,15.23,Clear,0,0,66
1,2,0,14.39,3,5.51,Heavy Rain,2,0,35
23,1,0,23.24,5,14.93,Clear,0,0,34
